ProductName,BasePrice,Department,Category,Subcategory
Organic Whole Wheat Bread,3.99,Grocery,Bakery,Bread & Rolls
Free Range Chicken Breast,8.99,Grocery,Meat & Poultry,Chicken
Almond Milk Unsweetened,4.29,Grocery,Dairy & Alternatives,Plant-Based Milk
Greek Yogurt Vanilla,5.49,Grocery,Dairy & Alternatives,Yogurt
Organic Baby Spinach,3.79,Grocery,Produce,Leafy Greens
Premium Ground Coffee,12.99,Grocery,Beverages,Coffee & Tea
Artisan Pasta Sauce,6.49,Grocery,Pantry,Sauces & Condiments
Wild Caught Salmon Fillet,15.99,Grocery,Seafood,Fish
Organic Bananas,2.49,Grocery,Produce,Fresh Fruit
Extra Virgin Olive Oil,9.99,Grocery,Pantry,Oils & Vinegars
Grass Fed Ground Beef,11.99,Grocery,Meat & Poultry,Beef
Quinoa Ancient Grain,7.99,Grocery,Pantry,Grains & Rice
Organic Tomatoes,4.99,Grocery,Produce,Fresh Vegetables
Free Range Eggs Large,4.79,Grocery,Dairy & Alternatives,Eggs
Coconut Water Natural,3.49,Grocery,Beverages,Water & Hydration
Dark Chocolate Bar,4.99,Grocery,Snacks & Candy,Chocolate
Organic Avocados,5.99,Grocery,Produce,Fresh Fruit
Steel Cut Oats,5.49,Grocery,Breakfast & Cereal,Hot Cereal
Fresh Mozzarella Cheese,6.99,Grocery,Dairy & Alternatives,Cheese
Organic Blueberries,5.99,Grocery,Produce,Fresh Fruit
Peanut Butter Natural,6.99,Grocery,Pantry,Nut Butters & Spreads
Whole Grain Cereal,4.99,Grocery,Breakfast & Cereal,Cold Cereal
Organic Strawberries,4.99,Grocery,Produce,Fresh Fruit
Sea Salt Fine,2.99,Grocery,Pantry,Spices & Seasonings
Raw Honey Wildflower,8.99,Grocery,Pantry,Sweeteners
Organic Carrots,2.99,Grocery,Produce,Fresh Vegetables
Basmati Rice Premium,6.49,Grocery,Pantry,Grains & Rice
Fresh Atlantic Cod,13.99,Grocery,Seafood,Fish
Organic Bell Peppers,4.49,Grocery,Produce,Fresh Vegetables
Almond Butter Smooth,9.99,Grocery,Pantry,Nut Butters & Spreads
Sparkling Water Lemon,1.99,Grocery,Beverages,Water & Hydration
Organic Apples Gala,3.99,Grocery,Produce,Fresh Fruit
Black Beans Organic,3.49,Grocery,Pantry,Canned & Jarred
Coconut Oil Virgin,11.99,Grocery,Pantry,Oils & Vinegars
Fresh Broccoli Crowns,3.99,Grocery,Produce,Fresh Vegetables
Himalayan Pink Salt,4.99,Grocery,Pantry,Spices & Seasonings
Organic Cucumbers,2.99,Grocery,Produce,Fresh Vegetables
Premium Tea Bags,7.99,Grocery,Beverages,Coffee & Tea
Free Range Turkey Breast,9.99,Grocery,Meat & Poultry,Turkey
Organic Sweet Potatoes,3.49,Grocery,Produce,Fresh Vegetables
Cashew Milk Vanilla,4.99,Grocery,Dairy & Alternatives,Plant-Based Milk
Organic Kale Leaves,3.99,Grocery,Produce,Leafy Greens
Artisan Crackers,5.49,Grocery,Snacks & Candy,Crackers & Chips
Wild Rice Blend,8.99,Grocery,Pantry,Grains & Rice
Organic Zucchini,2.99,Grocery,Produce,Fresh Vegetables
Premium Vanilla Extract,12.99,Grocery,Pantry,Baking
Free Range Chicken Thighs,6.99,Grocery,Meat & Poultry,Chicken
Organic Lemons,3.49,Grocery,Produce,Fresh Fruit
Chia Seeds Organic,9.99,Grocery,Pantry,Seeds & Nuts
Fresh Asparagus Spears,5.99,Grocery,Produce,Fresh Fruit
Organic Mushrooms Mixed,4.99,Grocery,Produce,Fresh Vegetables
Coconut Flakes Unsweetened,5.99,Grocery,Pantry,Baking
Premium Balsamic Vinegar,13.99,Grocery,Pantry,Oils & Vinegars
Organic Grape Tomatoes,4.49,Grocery,Produce,Fresh Fruit
Grass Fed Butter,6.99,Grocery,Dairy & Alternatives,Butter & Margarine
Quinoa Flour Organic,8.99,Grocery,Pantry,Baking
Fresh Green Beans,3.99,Grocery,Produce,Fresh Vegetables
Organic Onions Yellow,2.49,Grocery,Produce,Fresh Vegetables
Maple Syrup Pure,14.99,Grocery,Pantry,Sweeteners
Free Range Duck Breast,19.99,Grocery,Meat & Poultry,Duck
Organic Celery Stalks,2.99,Grocery,Produce,Fresh Vegetables
Almond Flour Blanched,12.99,Grocery,Pantry,Baking
Sparkling Water Lime,1.99,Grocery,Beverages,Water & Hydration
Organic Potatoes Russet,3.49,Grocery,Produce,Fresh Vegetables
Lentils Red Organic,4.99,Grocery,Pantry,Beans & Legumes
Coconut Milk Canned,3.99,Grocery,Dairy & Alternatives,Plant-Based Milk
Fresh Cauliflower Head,4.49,Grocery,Produce,Fresh Vegetables
Organic Garlic Bulbs,3.99,Grocery,Pantry,Spices & Seasonings
Premium Spice Blend,8.99,Grocery,Pantry,Spices & Seasonings
Wild Mushrooms Fresh,7.99,Grocery,Produce,Fresh Vegetables
Organic Beets Fresh,3.49,Grocery,Produce,Fresh Vegetables
Tahini Sesame Seed,9.99,Grocery,Pantry,Nut Butters & Spreads
Fresh Brussels Sprouts,4.99,Grocery,Produce,Fresh Vegetables
Organic Romaine Lettuce,3.49,Grocery,Produce,Leafy Greens
Coconut Sugar Raw,6.99,Grocery,Pantry,Baking
Premium Truffle Oil,24.99,Grocery,Pantry,Oils & Vinegars
Free Range Pork Tenderloin,12.99,Grocery,Meat & Poultry,Pork
Organic Radishes,2.99,Grocery,Produce,Fresh Vegetables
Flax Seeds Ground,7.99,Grocery,Pantry,Seeds & Nuts
Fresh Artichoke Hearts,5.99,Grocery,Produce,Fresh Vegetables
Organic Cabbage Green,2.99,Grocery,Produce,Leafy Greens
Raw Cacao Powder,11.99,Grocery,Pantry,Baking
Premium Fish Sauce,9.99,Grocery,Seafood,Fish
Organic Parsley Fresh,2.49,Grocery,Produce,Fresh Herbs
Hemp Seeds Hulled,13.99,Grocery,Pantry,Seeds & Nuts
Fresh Corn Sweet,3.99,Grocery,Produce,Fresh Vegetables
Organic Cilantro Fresh,2.49,Grocery,Produce,Fresh Herbs
Miso Paste White,8.99,Grocery,Pantry,Sauces & Condiments
Premium Saffron Threads,49.99,Grocery,Pantry,Spices & Seasonings
Free Range Lamb Chops,22.99,Grocery,Meat & Poultry,Lamb
Organic Mint Fresh,2.49,Grocery,Produce,Fresh Herbs
Nutritional Yeast Flakes,9.99,Grocery,Pantry,Baking
Fresh Pineapple Chunks,4.99,Grocery,Produce,Fresh Fruit
Organic Basil Fresh,2.99,Grocery,Produce,Fresh Herbs
Kombucha Ginger,4.99,Grocery,Pantry,Spices & Seasonings
Premium Aged Cheese,16.99,Grocery,Dairy & Alternatives,Cheese
Organic Dill Fresh,2.49,Grocery,Produce,Fresh Herbs
Apple Cider Vinegar Raw,7.99,Grocery,Pantry,Oils & Vinegars
Fresh Mango Sliced,5.99,Grocery,Produce,Fresh Fruit
Organic Thyme Fresh,2.99,Grocery,Produce,Fresh Herbs
Bone Broth Chicken,9.99,Grocery,Meat & Poultry,Chicken
Premium Smoked Salmon,24.99,Grocery,Seafood,Fish
Organic Oregano Fresh,2.49,Grocery,Produce,Fresh Herbs
Sprouted Grain Bread,5.99,Grocery,Bakery,Bread & Rolls
Fresh Papaya Chunks,4.99,Grocery,Produce,Fresh Fruit
Organic Rosemary Fresh,2.99,Grocery,Produce,Fresh Herbs
Kelp Noodles Raw,6.99,Grocery,Pantry,Pasta & Noodles
Premium Caviar,89.99,Grocery,Seafood,Caviar & Roe
Organic Sage Fresh,2.49,Grocery,Produce,Fresh Herbs
Fermented Vegetables,7.99,Grocery,Pantry,Canned & Jarred
Fresh Kiwi Fruit,3.99,Grocery,Produce,Fresh Fruit
Organic Tarragon Fresh,3.49,Grocery,Produce,Fresh Herbs
Probiotic Yogurt,6.99,Grocery,Dairy & Alternatives,Yogurt
Premium Wagyu Beef,49.99,Grocery,Meat & Poultry,Beef
Organic Chives Fresh,2.99,Grocery,Produce,Fresh Herbs
Spirulina Powder,19.99,Grocery,Pantry,Health & Supplements
Fresh Dragon Fruit,7.99,Grocery,Produce,Fresh Fruit
Organic Bay Leaves,4.49,Grocery,Pantry,Spices & Seasonings
Matcha Green Tea,29.99,Grocery,Beverages,Coffee & Tea
Premium Lobster Tail,34.99,Grocery,Seafood,Fish
Organic Marjoram Fresh,3.49,Grocery,Produce,Fresh Herbs
Goji Berries Dried,14.99,Grocery,Pantry,Dried Fruit
Fresh Star Fruit,5.99,Grocery,Produce,Fresh Fruit
Organic Cumin Seeds,5.49,Grocery,Pantry,Seeds & Nuts
Chlorella Tablets,24.99,Grocery,Pantry,Health & Supplements
Premium Oysters Fresh,19.99,Grocery,Seafood,Shellfish
Organic Fennel Bulb,4.99,Grocery,Produce,Fresh Vegetables
Acai Berry Powder,19.99,Grocery,Pantry,Health & Supplements
Fresh Passion Fruit,6.99,Grocery,Produce,Fresh Fruit
Organic Coriander Seeds,4.99,Grocery,Pantry,Seeds & Nuts
Wheatgrass Powder,16.99,Grocery,Pantry,Health & Supplements
Premium Scallops Sea,29.99,Grocery,Seafood,Shellfish
Organic Cardamom Pods,12.99,Grocery,Pantry,Spices & Seasonings
Maca Root Powder,18.99,Grocery,Pantry,Health & Supplements
Fresh Lychee Fruit,8.99,Grocery,Produce,Fresh Fruit
Organic Turmeric Root,6.99,Grocery,Pantry,Spices & Seasonings
Ashwagandha Powder,22.99,Grocery,Pantry,Health & Supplements
Premium Crab Legs,39.99,Grocery,Seafood,Fish
Organic Ginger Root,4.49,Grocery,Pantry,Spices & Seasonings
Moringa Powder,21.99,Grocery,Pantry,Health & Supplements
Fresh Rambutan,9.99,Grocery,Produce,Fresh Fruit
Organic Cinnamon Sticks,7.99,Grocery,Pantry,Spices & Seasonings
Reishi Mushroom Powder,34.99,Grocery,Pantry,Health & Supplements
Premium Uni Sea Urchin,59.99,Grocery,Seafood,Shellfish
Organic Nutmeg Whole,9.99,Grocery,Pantry,Spices & Seasonings
Cordyceps Mushroom,44.99,Grocery,Pantry,Health & Supplements
Fresh Durian Fruit,24.99,Grocery,Produce,Fresh Fruit
Organic Cloves Whole,8.99,Grocery,Pantry,Spices & Seasonings
Lion's Mane Mushroom,29.99,Grocery,Pantry,Health & Supplements
Premium Tuna Sashimi,24.99,Grocery,Seafood,Fish
Organic Allspice Berries,6.99,Grocery,Pantry,Spices & Seasonings
Turkey Tail Mushroom,19.99,Grocery,Meat & Poultry,Turkey
Fresh Jackfruit,12.99,Grocery,Produce,Fresh Fruit
Organic Mustard Seeds,4.99,Grocery,Pantry,Seeds & Nuts
Chaga Mushroom Extract,39.99,Grocery,Pantry,Baking
Premium Hamachi,34.99,Grocery,Seafood,Fish
Organic Fenugreek Seeds,5.99,Grocery,Pantry,Seeds & Nuts
Shiitake Mushroom Dried,16.99,Grocery,Pantry,Health & Supplements
Fresh Soursop,14.99,Grocery,Produce,Fresh Fruit
Organic Anise Seeds,7.49,Grocery,Pantry,Seeds & Nuts
Maitake Mushroom Fresh,18.99,Grocery,Produce,Fresh Vegetables
Premium Yellowtail,28.99,Grocery,Seafood,Fish
Organic Celery Seeds,5.49,Grocery,Pantry,Seeds & Nuts
Oyster Mushroom Fresh,8.99,Grocery,Produce,Fresh Vegetables
Fresh Cherimoya,11.99,Grocery,Produce,Fresh Fruit
Organic Poppy Seeds,9.49,Grocery,Pantry,Seeds & Nuts
Enoki Mushroom Fresh,6.99,Grocery,Produce,Fresh Vegetables
Premium Salmon Roe,49.99,Grocery,Seafood,Fish
Organic Sesame Seeds,6.99,Grocery,Pantry,Seeds & Nuts
King Oyster Mushroom,12.99,Grocery,Produce,Fresh Vegetables
Fresh Custard Apple,9.99,Grocery,Produce,Fresh Fruit
Organic Sunflower Seeds,5.99,Grocery,Pantry,Seeds & Nuts
Chanterelle Mushroom,24.99,Grocery,Produce,Fresh Vegetables
Premium Monkfish,19.99,Grocery,Seafood,Fish
Organic Pumpkin Seeds,7.99,Grocery,Pantry,Seeds & Nuts
Morel Mushroom Dried,89.99,Grocery,Pantry,Health & Supplements
Fresh Longan Fruit,7.99,Grocery,Produce,Fresh Fruit
Organic Pine Nuts,19.99,Grocery,Pantry,Seeds & Nuts
Porcini Mushroom Dried,34.99,Grocery,Pantry,Health & Supplements
Premium Sea Bass,22.99,Grocery,Seafood,Fish
Organic Pecans Halves,16.99,Grocery,Pantry,Seeds & Nuts
Black Truffle Fresh,199.99,Grocery,Produce,Specialty Items
Fresh Persimmon Fruit,6.99,Grocery,Produce,Fresh Fruit
Organic Walnuts Halves,14.99,Grocery,Pantry,Seeds & Nuts
White Truffle Oil,44.99,Grocery,Pantry,Oils & Vinegars
Premium Snapper Red,18.99,Grocery,Seafood,Fish
Organic Brazil Nuts,12.99,Grocery,Pantry,Seeds & Nuts
Truffle Salt Black,24.99,Grocery,Pantry,Spices & Seasonings
Fresh Pomegranate Seeds,8.99,Grocery,Pantry,Seeds & Nuts
Organic Hazelnuts,13.99,Grocery,Pantry,Seeds & Nuts
Truffle Honey Wild,39.99,Grocery,Pantry,Sweeteners
Premium Grouper,21.99,Grocery,Seafood,Fish
Organic Macadamia Nuts,21.99,Grocery,Pantry,Seeds & Nuts
Truffle Butter Fresh,34.99,Grocery,Dairy & Alternatives,Specialty Butter
Fresh Fig Fruit,7.99,Grocery,Produce,Fresh Fruit
Organic Pistachios,17.99,Grocery,Pantry,Seeds & Nuts
Foie Gras Duck,149.99,Grocery,Meat & Poultry,Specialty Items
Premium Mahi Mahi,16.99,Grocery,Seafood,Fish
Organic Almonds Raw,11.99,Grocery,Pantry,Seeds & Nuts
Caviar Beluga,299.99,Grocery,Seafood,Caviar & Roe
Fresh Date Fruit,9.99,Grocery,Produce,Fresh Fruit
Organic Cashews Raw,13.99,Grocery,Pantry,Seeds & Nuts
Caviar Ossetra,199.99,Grocery,Seafood,Caviar & Roe
Premium Halibut,24.99,Grocery,Seafood,Fish
Organic Coconut Meat,8.99,Grocery,Produce,Fresh Fruit
Caviar Sevruga,149.99,Grocery,Seafood,Caviar & Roe
Fresh Guava Fruit,5.99,Grocery,Produce,Fresh Fruit
Organic Tiger Nuts,14.99,Grocery,Pantry,Seeds & Nuts
Sturgeon Smoked,89.99,Grocery,Seafood,Fish
Premium Arctic Char,19.99,Grocery,Seafood,Fish
Organic Cacao Nibs,16.99,Grocery,Pantry,Baking
Eel Unagi Grilled,34.99,Grocery,Seafood,Fish
Fresh Plantain Green,3.99,Grocery,Produce,Fresh Fruit
Organic Vanilla Beans,49.99,Grocery,Pantry,Spices & Seasonings
Octopus Spanish,29.99,Grocery,Seafood,Shellfish
Premium Branzino,22.99,Grocery,Seafood,Fish
Organic Saffron Premium,199.99,Grocery,Pantry,Spices & Seasonings
Squid Fresh Whole,14.99,Grocery,Seafood,Shellfish
Fresh Breadfruit,8.99,Grocery,Bakery,Bread & Rolls
Organic Cardamom Green,24.99,Grocery,Pantry,Spices & Seasonings
Abalone Canned,59.99,Grocery,Pantry,Canned & Jarred
Premium Turbot,28.99,Grocery,Seafood,Fish
Organic Star Anise,12.99,Grocery,Pantry,Spices & Seasonings
Sea Cucumber Dried,89.99,Grocery,Seafood,Specialty Items
Fresh Plantain Ripe,4.49,Grocery,Produce,Fresh Fruit
Organic Long Pepper,19.99,Grocery,Pantry,Spices & Seasonings
Shark Fin Soup,199.99,Grocery,Pantry,Canned & Jarred
Premium John Dory,25.99,Grocery,Seafood,Fish
Organic Grains Paradise,16.99,Grocery,Pantry,Spices & Seasonings
Bird's Nest Soup,299.99,Grocery,Pantry,Canned & Jarred
Fresh Yuca Root,4.99,Grocery,Produce,Fresh Vegetables
Organic Sumac Berries,11.99,Grocery,Pantry,Spices & Seasonings
Matsutake Mushroom,149.99,Grocery,Produce,Specialty Items
Premium Dover Sole,32.99,Grocery,Seafood,Fish
Organic Za'atar Blend,9.99,Grocery,Pantry,Spices & Seasonings
Cordyceps Sinensis,199.99,Grocery,Pantry,Health & Supplements
Fresh Cassava Root,5.99,Grocery,Produce,Fresh Vegetables
Organic Ras El Hanout,12.99,Grocery,Pantry,Spices & Seasonings
Ginseng Root Wild,89.99,Grocery,Pantry,Health & Supplements
Premium Langoustine,39.99,Grocery,Seafood,Shellfish
Organic Berbere Spice,10.99,Grocery,Pantry,Spices & Seasonings
Sea Lettuce Dried,14.99,Grocery,Produce,Leafy Greens
Fresh Taro Root,6.99,Grocery,Produce,Fresh Vegetables
Organic Dukkah Blend,11.99,Grocery,Pantry,Spices & Seasonings
Wakame Seaweed,9.99,Grocery,Pantry,Asian Ingredients
Premium Prawns Tiger,24.99,Grocery,Seafood,Shellfish
Organic Harissa Paste,8.99,Grocery,Pantry,Sauces & Condiments
Nori Sheets Premium,12.99,Grocery,Pantry,Asian Ingredients
Fresh Sweet Potato,3.49,Grocery,Produce,Fresh Vegetables
Organic Mole Paste,13.99,Grocery,Pantry,Sauces & Condiments
Kombu Kelp Dried,16.99,Grocery,Pantry,Asian Ingredients
Premium Shrimp Spot,19.99,Grocery,Seafood,Fish
Organic Curry Powder,8.99,Grocery,Pantry,Spices & Seasonings
Dulse Flakes Red,11.99,Grocery,Pantry,Health & Supplements
Fresh Jerusalem Artichoke,7.99,Grocery,Produce,Fresh Vegetables
Organic Garam Masala,9.99,Grocery,Pantry,Spices & Seasonings
Sea Grapes Fresh,24.99,Grocery,Seafood,Specialty Items
Premium Langostino,29.99,Grocery,Seafood,Shellfish
Organic Chinese Five Spice,10.99,Grocery,Pantry,Spices & Seasonings
Spirulina Tablets,16.99,Grocery,Pantry,Health & Supplements
Fresh Water Chestnut,5.99,Grocery,Produce,Fresh Vegetables
Organic Tandoori Masala,9.49,Grocery,Pantry,Spices & Seasonings
Chlorella Powder,21.99,Grocery,Pantry,Health & Supplements
Premium Crayfish,14.99,Grocery,Seafood,Fish
Organic Jerk Seasoning,7.99,Grocery,Pantry,Spices & Seasonings
Blue Green Algae,19.99,Grocery,Pantry,Health & Supplements
Fresh Lotus Root,8.99,Grocery,Produce,Fresh Vegetables
Organic Cajun Seasoning,6.99,Grocery,Pantry,Spices & Seasonings
Marine Collagen Powder,34.99,Grocery,Pantry,Health & Supplements
Premium Mud Crab,32.99,Grocery,Seafood,Fish
Organic Old Bay Seasoning,8.49,Grocery,Pantry,Spices & Seasonings
Fish Collagen Peptides,29.99,Grocery,Seafood,Fish
Fresh Bamboo Shoots,6.99,Grocery,Produce,Fresh Vegetables
Organic Creole Seasoning,7.49,Grocery,Pantry,Spices & Seasonings
Krill Oil Capsules,39.99,Grocery,Pantry,Oils & Vinegars
Premium King Crab,89.99,Grocery,Seafood,Fish
Organic Italian Seasoning,5.99,Grocery,Pantry,Spices & Seasonings
Cod Liver Oil,24.99,Grocery,Seafood,Fish
Fresh Bean Sprouts,2.99,Grocery,Produce,Fresh Vegetables
Organic Herbs Provence,8.99,Grocery,Pantry,Spices & Seasonings
Salmon Oil Wild,34.99,Grocery,Seafood,Fish
Premium Snow Crab,34.99,Grocery,Seafood,Fish
Organic Taco Seasoning,4.99,Grocery,Pantry,Spices & Seasonings
Astaxanthin Supplement,44.99,Grocery,Pantry,Health & Supplements
Fresh Daikon Radish,4.49,Grocery,Produce,Fresh Vegetables
Organic Ranch Seasoning,5.49,Grocery,Pantry,Spices & Seasonings
Omega 3 Algae Oil,29.99,Grocery,Pantry,Oils & Vinegars
Premium Dungeness Crab,28.99,Grocery,Seafood,Fish
Organic Onion Powder,5.99,Grocery,Produce,Fresh Vegetables
DHA Algae Supplement,24.99,Grocery,Pantry,Health & Supplements
Fresh Bok Choy,3.99,Grocery,Produce,Leafy Greens
Organic Garlic Powder,6.49,Grocery,Pantry,Spices & Seasonings
EPA Fish Oil,22.99,Grocery,Seafood,Fish
Premium Blue Crab,19.99,Grocery,Seafood,Fish
Organic Paprika Smoked,9.99,Grocery,Pantry,Spices & Seasonings
Vitamin D3 Liquid,19.99,Grocery,Pantry,Health & Supplements
Fresh Napa Cabbage,4.99,Grocery,Produce,Leafy Greens
Organic Chili Powder,6.99,Grocery,Pantry,Spices & Seasonings
Vitamin B12 Spray,16.99,Grocery,Pantry,Health & Supplements
Premium Soft Shell Crab,24.99,Grocery,Seafood,Fish
Organic Cayenne Pepper,7.49,Grocery,Pantry,Spices & Seasonings
Folate Methyl,14.99,Grocery,Pantry,Health & Supplements
Fresh Chinese Broccoli,5.99,Grocery,Produce,Fresh Vegetables
Organic Black Pepper,8.99,Grocery,Pantry,Spices & Seasonings
Iron Bisglycinate,11.99,Grocery,Pantry,Health & Supplements
Premium Stone Crab,39.99,Grocery,Seafood,Fish
Organic White Pepper,12.99,Grocery,Pantry,Spices & Seasonings
Magnesium Glycinate,13.99,Grocery,Pantry,Health & Supplements
Fresh Mustard Greens,3.49,Grocery,Produce,Leafy Greens
Organic Pink Peppercorns,19.99,Grocery,Pantry,Spices & Seasonings
Zinc Picolinate,12.99,Grocery,Pantry,Health & Supplements
Premium Lobster Claws,29.99,Grocery,Seafood,Fish
Organic Green Peppercorns,16.99,Grocery,Pantry,Spices & Seasonings
Selenium Methionine,9.99,Grocery,Pantry,Health & Supplements
Fresh Collard Greens,2.99,Grocery,Produce,Leafy Greens
Organic Sichuan Peppercorns,24.99,Grocery,Pantry,Spices & Seasonings
Copper Bisglycinate,8.99,Grocery,Pantry,Health & Supplements
Premium Lobster Meat,49.99,Grocery,Seafood,Fish
Organic Tellicherry Pepper,29.99,Grocery,Pantry,Spices & Seasonings
Chromium Picolinate,7.99,Grocery,Pantry,Health & Supplements
Fresh Turnip Greens,3.49,Grocery,Produce,Leafy Greens
Organic Malabar Pepper,34.99,Grocery,Pantry,Spices & Seasonings
Molybdenum Chelate,6.99,Grocery,Pantry,Health & Supplements
Premium King Prawns,34.99,Grocery,Seafood,Shellfish
Organic Long Pepper Whole,22.99,Grocery,Pantry,Spices & Seasonings
Boron Citrate,5.99,Grocery,Pantry,Health & Supplements
Fresh Swiss Chard,4.49,Grocery,Produce,Leafy Greens
Organic Cubeb Pepper,27.99,Grocery,Pantry,Spices & Seasonings
Vanadium Chelate,9.99,Grocery,Pantry,Health & Supplements
Premium Tiger Prawns,29.99,Grocery,Seafood,Shellfish
Organic Pink Salt Coarse,6.99,Grocery,Pantry,Spices & Seasonings
Manganese Bisglycinate,8.49,Grocery,Pantry,Health & Supplements
Fresh Arugula Wild,5.99,Grocery,Produce,Leafy Greens
Organic Black Salt Kala,8.99,Grocery,Pantry,Spices & Seasonings
Iodine Kelp Extract,11.99,Grocery,Pantry,Baking
Premium Jumbo Shrimp,24.99,Grocery,Seafood,Fish
Organic Red Salt Alaea,12.99,Grocery,Pantry,Spices & Seasonings
Potassium Citrate,7.99,Grocery,Pantry,Health & Supplements
Fresh Watercress,4.99,Grocery,Produce,Leafy Greens
Organic Grey Salt Celtic,14.99,Grocery,Pantry,Spices & Seasonings
Calcium Magnesium,9.99,Grocery,Pantry,Health & Supplements
Premium Colossal Shrimp,32.99,Grocery,Seafood,Fish
Organic Fleur de Sel,24.99,Grocery,Pantry,Spices & Seasonings
Vitamin K2 MK7,19.99,Grocery,Pantry,Health & Supplements
Fresh Purslane,6.99,Grocery,Produce,Leafy Greens
Organic Smoked Salt,11.99,Grocery,Pantry,Spices & Seasonings
CoQ10 Ubiquinol,39.99,Grocery,Pantry,Health & Supplements
Premium Rock Shrimp,18.99,Grocery,Seafood,Fish
Organic Truffle Salt,34.99,Grocery,Pantry,Spices & Seasonings
PQQ Supplement,49.99,Grocery,Pantry,Health & Supplements
Fresh Lamb's Lettuce,7.99,Grocery,Produce,Leafy Greens
Organic Saffron Salt,49.99,Grocery,Pantry,Spices & Seasonings
NAD Precursor,59.99,Grocery,Pantry,Health & Supplements
Premium Brown Shrimp,16.99,Grocery,Seafood,Fish
Organic Vanilla Salt,19.99,Grocery,Pantry,Spices & Seasonings
Resveratrol Extract,29.99,Grocery,Pantry,Baking
Fresh Mache Lettuce,8.99,Grocery,Produce,Leafy Greens
Organic Lavender Salt,16.99,Grocery,Pantry,Spices & Seasonings
Curcumin Complex,24.99,Grocery,Pantry,Health & Supplements
Premium White Shrimp,21.99,Grocery,Seafood,Fish
Organic Rosemary Salt,12.99,Grocery,Pantry,Spices & Seasonings
Green Tea Extract,14.99,Grocery,Pantry,Baking
Fresh Dandelion Greens,5.49,Grocery,Produce,Leafy Greens
Organic Lemon Salt,9.99,Grocery,Pantry,Spices & Seasonings
Grape Seed Extract,12.99,Grocery,Produce,Fresh Fruit
Premium Pink Shrimp,23.99,Grocery,Seafood,Fish
Organic Lime Salt,8.99,Grocery,Pantry,Spices & Seasonings
Pine Bark Extract,19.99,Grocery,Pantry,Baking
Fresh Chicory Leaves,4.99,Grocery,Produce,Leafy Greens
Organic Orange Salt,10.99,Grocery,Pantry,Spices & Seasonings
Milk Thistle Extract,16.99,Grocery,Pantry,Health & Supplements
Premium Gulf Shrimp,26.99,Grocery,Seafood,Fish
Organic Chili Salt,7.99,Grocery,Pantry,Spices & Seasonings
Saw Palmetto Extract,13.99,Grocery,Pantry,Baking
Fresh Endive Belgian,6.99,Grocery,Produce,Leafy Greens
Organic Garlic Salt,6.49,Grocery,Pantry,Spices & Seasonings
Ginkgo Biloba Extract,11.99,Grocery,Pantry,Baking
Premium Bay Scallops,34.99,Grocery,Seafood,Shellfish
Organic Onion Salt,5.99,Grocery,Pantry,Spices & Seasonings
Ginseng Extract,22.99,Grocery,Pantry,Baking
Fresh Radicchio Red,7.49,Grocery,Produce,Leafy Greens
Organic Celery Salt,6.99,Grocery,Pantry,Spices & Seasonings
Rhodiola Rosea,18.99,Grocery,Pantry,Health & Supplements
Premium Sea Scallops,39.99,Grocery,Seafood,Shellfish
Organic Dill Salt,8.49,Grocery,Pantry,Spices & Seasonings
Ashwagandha Extract,16.99,Grocery,Pantry,Baking
Fresh Frisee Lettuce,5.99,Grocery,Produce,Leafy Greens
Organic Herb Salt,9.49,Grocery,Pantry,Spices & Seasonings
Bacopa Monnieri,14.99,Grocery,Pantry,Health & Supplements
Premium Diver Scallops,49.99,Grocery,Seafood,Shellfish
Organic Mushroom Salt,12.99,Grocery,Pantry,Spices & Seasonings
Lion's Mane Extract,24.99,Grocery,Pantry,Baking
Fresh Escarole,4.49,Grocery,Produce,Leafy Greens
Organic Seaweed Salt,11.49,Grocery,Pantry,Spices & Seasonings
Cordyceps Extract,34.99,Grocery,Pantry,Baking
Premium Dry Scallops,69.99,Grocery,Seafood,Shellfish
Organic Smoke Salt,13.99,Grocery,Pantry,Spices & Seasonings
Reishi Extract,22.99,Grocery,Pantry,Baking
Fresh Butter Lettuce,3.99,Grocery,Produce,Leafy Greens
Organic Wine Salt,15.99,Grocery,Pantry,Spices & Seasonings
Chaga Extract,29.99,Grocery,Pantry,Baking
Premium Wet Scallops,29.99,Grocery,Seafood,Shellfish
Organic Beer Salt,8.99,Grocery,Pantry,Spices & Seasonings
Turkey Tail Extract,19.99,Grocery,Meat & Poultry,Turkey
Fresh Red Lettuce,4.49,Grocery,Produce,Leafy Greens
Organic Coffee Salt,11.99,Grocery,Pantry,Spices & Seasonings
Maitake Extract,21.99,Grocery,Pantry,Baking
Premium Weathervane Scallops,44.99,Grocery,Seafood,Shellfish
Organic Chocolate Salt,14.99,Grocery,Pantry,Spices & Seasonings
Shiitake Extract,18.99,Grocery,Pantry,Baking
Fresh Green Lettuce,3.99,Grocery,Produce,Leafy Greens
Organic Caramel Salt,12.99,Grocery,Pantry,Spices & Seasonings
Oyster Mushroom Extract,16.99,Grocery,Pantry,Baking
Premium Calico Scallops,24.99,Grocery,Seafood,Shellfish
Organic Vanilla Sugar,16.99,Grocery,Pantry,Baking
Enoki Mushroom Extract,15.99,Grocery,Pantry,Baking
Fresh Iceberg Lettuce,2.99,Grocery,Produce,Leafy Greens
Organic Cinnamon Sugar,8.99,Grocery,Pantry,Baking
King Oyster Extract,19.99,Grocery,Pantry,Baking
Premium Pink Scallops,39.99,Grocery,Seafood,Shellfish
Organic Coconut Sugar,9.99,Grocery,Pantry,Baking
Chanterelle Extract,39.99,Grocery,Pantry,Baking
Fresh Boston Lettuce,4.99,Grocery,Produce,Leafy Greens
Organic Palm Sugar,11.99,Grocery,Pantry,Baking
Morel Extract,79.99,Grocery,Pantry,Baking
Premium Maine Scallops,54.99,Grocery,Seafood,Shellfish
Organic Date Sugar,13.99,Grocery,Pantry,Baking
Porcini Extract,29.99,Grocery,Pantry,Baking
Fresh Bibb Lettuce,5.49,Grocery,Produce,Leafy Greens
Organic Maple Sugar,18.99,Grocery,Pantry,Baking
Black Truffle Extract,99.99,Grocery,Pantry,Baking
Premium Nantucket Scallops,64.99,Grocery,Seafood,Shellfish
Organic Beet Sugar,7.99,Grocery,Pantry,Baking
White Truffle Extract,149.99,Grocery,Pantry,Baking
Fresh Romaine Hearts,4.49,Grocery,Produce,Leafy Greens
Organic Cane Sugar,5.99,Grocery,Pantry,Baking
Truffle Oil Extract,34.99,Grocery,Pantry,Oils & Vinegars
Premium Diver Scallops Wild,79.99,Grocery,Seafood,Shellfish
Organic Brown Sugar,6.49,Grocery,Pantry,Baking
Shiitake Powder Dried,22.99,Grocery,Pantry,Health & Supplements
Fresh Little Gem Lettuce,6.99,Grocery,Produce,Leafy Greens
Organic Raw Sugar,8.99,Grocery,Pantry,Baking
Maitake Powder Dried,26.99,Grocery,Pantry,Health & Supplements
Premium U10 Scallops,89.99,Grocery,Seafood,Shellfish
Organic Turbinado Sugar,9.49,Grocery,Pantry,Baking
Reishi Powder Dried,32.99,Grocery,Pantry,Health & Supplements
Fresh Red Oak Lettuce,5.99,Grocery,Produce,Leafy Greens
Organic Demerara Sugar,11.99,Grocery,Pantry,Baking
Cordyceps Powder Dried,44.99,Grocery,Pantry,Health & Supplements
Premium U15 Scallops,69.99,Grocery,Seafood,Shellfish
Organic Muscovado Sugar,14.99,Grocery,Pantry,Baking
Lion's Mane Powder,29.99,Grocery,Pantry,Health & Supplements
Fresh Green Oak Lettuce,5.99,Grocery,Produce,Leafy Greens
Organic Jaggery Sugar,12.99,Grocery,Pantry,Baking
Turkey Tail Powder,24.99,Grocery,Meat & Poultry,Turkey
Premium Sea Scallops Dry,99.99,Grocery,Seafood,Shellfish
Organic Piloncillo Sugar,10.99,Grocery,Pantry,Baking
Chaga Powder Dried,39.99,Grocery,Pantry,Health & Supplements
Fresh Lolla Rossa,6.49,Grocery,Produce,Leafy Greens
Organic Panela Sugar,9.99,Grocery,Pantry,Baking
Oyster Mushroom Powder,19.99,Grocery,Pantry,Health & Supplements
Premium Scallops Sashimi,119.99,Grocery,Seafood,Shellfish
Organic Sucanat Sugar,13.49,Grocery,Pantry,Baking
Enoki Mushroom Powder,17.99,Grocery,Pantry,Health & Supplements
Fresh Mizuna Leaves,7.99,Grocery,Produce,Leafy Greens
Organic Rapadura Sugar,15.99,Grocery,Pantry,Baking
King Oyster Powder,24.99,Grocery,Pantry,Health & Supplements
Premium Scallops Crudo,129.99,Grocery,Seafood,Shellfish
Organic Coconut Nectar,18.99,Grocery,Pantry,Sweeteners
Chanterelle Powder,49.99,Grocery,Pantry,Health & Supplements
Fresh Tatsoi Greens,6.99,Grocery,Produce,Leafy Greens
Organic Agave Nectar,12.99,Grocery,Pantry,Sweeteners
Morel Powder Dried,119.99,Grocery,Pantry,Health & Supplements
Premium Scallops Tartare,139.99,Grocery,Seafood,Shellfish
Organic Yacon Syrup,19.99,Grocery,Pantry,Sweeteners
Porcini Powder Dried,39.99,Grocery,Pantry,Health & Supplements
Fresh Baby Arugula,7.49,Grocery,Produce,Leafy Greens
Organic Monk Fruit,24.99,Grocery,Pantry,Sweeteners
Black Truffle Powder,199.99,Grocery,Pantry,Specialty Items
Premium Scallops Carpaccio,149.99,Grocery,Seafood,Shellfish
Organic Stevia Extract,16.99,Grocery,Pantry,Baking
White Truffle Powder,299.99,Grocery,Pantry,Specialty Items
Fresh Baby Spinach,4.99,Grocery,Produce,Leafy Greens
Organic Erythritol,11.99,Grocery,Pantry,Sweeteners
Truffle Powder Mixed,149.99,Grocery,Pantry,Specialty Items
Premium Scallops Ceviche,89.99,Grocery,Seafood,Shellfish
Organic Xylitol,13.99,Grocery,Pantry,Sweeteners
Mushroom Blend Powder,29.99,Grocery,Pantry,Health & Supplements
Fresh Baby Kale,5.99,Grocery,Produce,Leafy Greens
Cotton Bath Towel Set,29.99,Home & Garden,Bath,Towels & Linens
LED Light Bulb 60W,8.99,Home & Garden,Lighting,Light Bulbs
Memory Foam Pillow,39.99,Home & Garden,Bedding,Pillows & Accessories
Ceramic Dinner Plate Set,49.99,Home & Garden,Kitchen,Dinnerware
Stainless Steel Kitchen Knife,24.99,Home & Garden,Kitchen,Cutlery & Tools
Non-Stick Frying Pan 12in,34.99,Home & Garden,Kitchen,Cookware
Glass Food Storage Container,19.99,Home & Garden,Kitchen,Storage & Organization
Microfiber Cleaning Cloth,12.99,Home & Garden,Cleaning,Cleaning Supplies
All-Purpose Cleaner Spray,4.99,Home & Garden,Cleaning,Cleaning Supplies
Wireless Bluetooth Headphones,79.99,Electronics,Audio,Headphones & Earbuds
Smartphone Charging Cable,14.99,Electronics,Accessories,Phone & Tablet Accessories
Portable Phone Charger,29.99,Electronics,Accessories,Phone & Tablet Accessories
Digital Photo Frame,89.99,Electronics,Home Electronics,Digital Cameras & Accessories
Bluetooth Speaker Portable,49.99,Electronics,Audio,Speakers
USB Flash Drive 32GB,19.99,Electronics,Computer,Storage & Memory
HDMI Cable 6ft,12.99,Electronics,Accessories,Cables & Adapters
Smart Fitness Tracker,149.99,Electronics,Wearables,Fitness Trackers
Tablet Screen Protector,9.99,Electronics,Accessories,Phone & Tablet Accessories
Wireless Computer Mouse,24.99,Electronics,Computer,Input Devices
Men's Cotton T-Shirt,14.99,Clothing,Men's Apparel,Shirts & Tops
Women's Yoga Pants,29.99,Clothing,Women's Apparel,Activewear
Kids' Sneakers Size 10,34.99,Clothing,Children's Apparel,Shoes
Baseball Cap Adjustable,19.99,Clothing,Accessories,Hats & Caps
Women's Denim Jeans,39.99,Clothing,Women's Apparel,Jeans & Pants
Men's Athletic Shorts,24.99,Clothing,Men's Apparel,Shorts
Children's Pajama Set,19.99,Clothing,Children's Apparel,Sleepwear
Unisex Winter Gloves,12.99,Clothing,Accessories,Gloves & Mittens
Women's Running Shoes,79.99,Clothing,Women's Apparel,Athletic Shoes
Men's Dress Shirt,49.99,Clothing,Men's Apparel,Dress Shirts
Multivitamin Tablets 90ct,24.99,Health & Beauty,Vitamins & Supplements,Multivitamins
Shampoo & Conditioner Set,16.99,Health & Beauty,Hair Care,Shampoo & Conditioner
Electric Toothbrush,59.99,Health & Beauty,Oral Care,Toothbrushes
Face Moisturizer SPF 30,19.99,Health & Beauty,Skin Care,Moisturizers
Pain Relief Tablets 100ct,12.99,Health & Beauty,Medicine,Pain Relief
Hand Sanitizer Gel 8oz,3.99,Health & Beauty,Personal Care,Hand Care
Deodorant Antiperspirant,5.99,Health & Beauty,Personal Care,Deodorants
Body Lotion Unscented,8.99,Health & Beauty,Skin Care,Body Moisturizers
Contact Lens Solution,9.99,Health & Beauty,Vision Care,Contact Lens Care
Lip Balm SPF 15,2.99,Health & Beauty,Personal Care,Lip Care
Baby Formula Powder,28.99,Baby & Kids,Baby Food,Formula
Disposable Diapers Size 3,34.99,Baby & Kids,Diaper & Potty,Disposable Diapers
Baby Wipes Sensitive,6.99,Baby & Kids,Diaper & Potty,Baby Wipes
Children's Toy Building Blocks,24.99,Baby & Kids,Toys,Building & Construction
Baby Bottle 8oz,12.99,Baby & Kids,Feeding,Bottles & Cups
Pacifier 2-Pack,7.99,Baby & Kids,Feeding,Pacifiers & Teethers
Baby Shampoo Gentle,8.99,Baby & Kids,Bath & Body,Shampoo & Wash
Car Seat Cover,19.99,Baby & Kids,Safety,Car Seats & Travel
Children's Picture Book,9.99,Baby & Kids,Toys,Books & Learning
Baby Blanket Soft,29.99,Baby & Kids,Nursery,Blankets & Swaddles
Laundry Detergent Pods 42ct,19.99,Home & Garden,Laundry,Laundry Detergent
Fabric Softener Liquid,7.99,Home & Garden,Laundry,Fabric Softeners
Toilet Paper 12 Roll Pack,14.99,Home & Garden,Paper Products,Toilet Paper
Paper Towels 6 Roll Pack,12.99,Home & Garden,Paper Products,Paper Towels
Trash Bags 13 Gallon 40ct,11.99,Home & Garden,Cleaning,Trash Bags
Dish Soap Liquid,3.99,Home & Garden,Cleaning,Dishwashing
Sponges Kitchen 8-Pack,5.99,Home & Garden,Cleaning,Sponges & Scrubbers
Aluminum Foil 75 sq ft,4.99,Home & Garden,Kitchen,Food Storage & Wraps
Plastic Food Wrap,3.99,Home & Garden,Kitchen,Food Storage & Wraps
Oven Mitt Heat Resistant,8.99,Home & Garden,Kitchen,Oven Mitts & Pot Holders
Dog Food Dry 15lb Bag,39.99,Pet Supplies,Dog,Dog Food
Cat Litter Clumping 20lb,16.99,Pet Supplies,Cat,Cat Litter
Dog Toy Rope,7.99,Pet Supplies,Dog,Dog Toys
Cat Treats Salmon Flavor,4.99,Pet Supplies,Cat,Cat Treats
Pet Food Bowl Stainless Steel,12.99,Pet Supplies,Feeding,Food & Water Bowls
Dog Leash 6ft,14.99,Pet Supplies,Dog,Leashes & Collars
Cat Scratching Post,29.99,Pet Supplies,Cat,Scratching Posts & Pads
Pet Waste Bags 200ct,8.99,Pet Supplies,Dog,Waste Management
Aquarium Fish Food Flakes,6.99,Pet Supplies,Fish & Aquatic,Fish Food
Bird Seed Wild Mix 10lb,19.99,Pet Supplies,Bird,Bird Food
Motor Oil 5W-30 5 Quart,24.99,Automotive,Fluids & Chemicals,Motor Oil
Car Air Freshener,2.99,Automotive,Interior,Air Fresheners
Windshield Washer Fluid,3.99,Automotive,Fluids & Chemicals,Windshield Washer Fluid
Car Phone Mount,19.99,Automotive,Electronics,Phone Mounts & Holders
Tire Pressure Gauge,12.99,Automotive,Tools & Equipment,Tire Gauges & Inflators
Jumper Cables 12ft,29.99,Automotive,Tools & Equipment,Jump Starters & Cables
Car Seat Covers,49.99,Automotive,Interior,Seat Covers
Emergency Kit First Aid,34.99,Automotive,Safety,Emergency Kits
Car Floor Mats,39.99,Automotive,Interior,Floor Mats & Liners
Window Tint Film,24.99,Automotive,Exterior,Window Tinting
Office Chair Ergonomic,149.99,Office Supplies,Furniture,Chairs & Seating
Printer Paper 500 Sheets,12.99,Office Supplies,Paper,Copy & Printing Paper
Black Ink Cartridge,34.99,Office Supplies,Printing,Ink & Toner
Spiral Notebook 5-Pack,8.99,Office Supplies,Paper,Notebooks & Pads
Ballpoint Pens 12-Pack,5.99,Office Supplies,Writing,Pens & Pencils
Stapler Heavy Duty,19.99,Office Supplies,Office Tools,Staplers & Staple Removers
File Folders Letter Size,7.99,Office Supplies,Filing,Folders & Binders
Desk Lamp LED,39.99,Office Supplies,Furniture,Desk Accessories
Wireless Keyboard,49.99,Office Supplies,Computer,Keyboards & Mice
Paper Clips 500ct,3.99,Office Supplies,Office Tools,Paper Clips & Fasteners
Gift Wrap Paper Roll,6.99,Seasonal,Wrapping & Party,Gift Wrap & Bags
Birthday Candles 24ct,3.99,Seasonal,Party Supplies,Candles & Cake Decorating
Plastic Party Plates 20ct,4.99,Seasonal,Party Supplies,Tableware
Halloween Decoration Set,19.99,Seasonal,Holiday Decor,Halloween
Christmas Tree Lights LED,24.99,Seasonal,Holiday Decor,Christmas
Valentine's Day Cards 32ct,5.99,Seasonal,Cards & Stationery,Greeting Cards
Easter Egg Dye Kit,7.99,Seasonal,Holiday Decor,Easter
Fourth of July Flag,12.99,Seasonal,Holiday Decor,Independence Day
Thanksgiving Tablecloth,14.99,Seasonal,Holiday Decor,Thanksgiving
New Year's Party Hats,8.99,Seasonal,Party Supplies,Party Favors
Sporting Goods Basketball,29.99,Sports & Recreation,Team Sports,Basketballs
Yoga Mat Non-Slip,24.99,Sports & Recreation,Fitness,Exercise Mats
Resistance Bands Set,19.99,Sports & Recreation,Fitness,Resistance Training
Camping Tent 2-Person,89.99,Sports & Recreation,Outdoor Recreation,Tents & Shelters
Fishing Rod Spinning,49.99,Sports & Recreation,Fishing,Fishing Rods
Bicycle Helmet,34.99,Sports & Recreation,Cycling,Helmets & Safety
Soccer Ball Official Size,19.99,Sports & Recreation,Team Sports,Soccer Balls
Golf Balls 12-Pack,24.99,Sports & Recreation,Golf,Golf Balls
Tennis Racket Lightweight,79.99,Sports & Recreation,Racquet Sports,Tennis Rackets
Skateboard Complete,99.99,Sports & Recreation,Action Sports,Skateboards
