Brand,Company,Category
Fresh Select,Food
Quality Choice,Food
Natural Best,Food
Pure Simple,Food
Golden Choice,Food
Sunny Best,Food
Healthy Select,Food
Organic Pure,Food
Fresh Start,Food
Green Pure,Food
Prime Choice,Food
Harvest Gold,Food
Farm Pure,Food
Nature Prime,Food
Pure Select,Food
Vital Choice,Food
Wholesome Best,Food
Fresh Prime,Food
Clean Select,Food
Health Prime,Food
Natural Best,Food
Pure Prime,Food
Fresh Select,Food
Green Best,Food
Healthy Best,Food
Mega Value,Retail
Store Select,Retail
Value Choice,Retail
Bulk Best,Retail
Quick Select,Retail
Circle Choice,Retail
Fast Value,Retail
General Best,Retail
Market Prime,Retail
Tech Choice,Electronics
Tech Pad,Electronics
Game Box,Electronics
Home Tech,Electronics
Soft Pro,Electronics
Computer Choice,Electronics
Tech Pro,Electronics
Notebook Elite,Electronics
Device Pro,Electronics
Print Master,Electronics
Sport Flex,Clothing
Active Flex,Clothing
Performance Wear,Clothing
Denim Style,Clothing
Style Choice,Clothing
Casual Flex,Clothing
Youth Style,Clothing
Style Pro,Clothing
Fast Style,Clothing
Trendy Flex,Clothing
Care Choice,PharmaCare Corporation,Health
Clean Pro,PharmaCare Corporation,Health
Beauty Choice,PharmaCare Corporation,Health
Oral Pro,PharmaCare Corporation,Health
Cosmetic Choice,PharmaCare Corporation,Health
Health Choice,PharmaCare Corporation,Health
Pharma Select,PharmaCare Corporation,Health
Medi Choice,PharmaCare Corporation,Health
Pet Choice,Pet
Animal Care,Pet
Pet Health,Pet
Blue Paws,Pet
Dog Choice,Pet
Cat Treats,Pet
Pro Pet,Pet
Royal Paws,Pet
Pet Wellness,Pet
Pet Vital,Pet
Motor Pro,Automotive
Engine Pro,Automotive
Fluid Choice,Automotive
Fuel Pro,Automotive
Energy Choice,Automotive
Fuel Choice,Automotive
Petro Choice,Automotive
Office Choice,OfficeMart Corp,Office
Work Choice,OfficeMart Corp,Office
Office Choice,OfficeMart Corp,Office
Business Choice,OfficeMart Corp,Office
Package Pro,OfficeMart Corp,Office
Adhesive Pro,OfficeMart Corp,Office
Label Choice,OfficeMart Corp,Office
Write Pro,OfficeMart Corp,Office
Pen Choice,OfficeMart Corp,Office
Write Master,OfficeMart Corp,Office
Greeting Choice,OfficeMart Corp,Office
Card Choice,OfficeMart Corp,Office
Party Choice,OfficeMart Corp,Office
Celebration Pro,OfficeMart Corp,Office
Event Choice,OfficeMart Corp,Office
Sport Choice,Sports
Ball Pro,Sports
Golf Choice,Sports
Swing Pro,Sports
Club Choice,Sports
Golf Pro,Sports
Club Master,Sports
Baseball Pro,Sports
Bat Choice,Sports
Sport Pro,Sports
Athletic Choice,Sports
Home Choice,BuildMart Inc,Home
Bargain Choice,BuildMart Inc,Home
Value Home,BuildMart Inc,Home
Family Choice,BuildMart Inc,Home
Economy Choice,Food
Smart Select,Food
Budget Best,Food
Fair Trade,Food
Natura Best,,Food
Farm Fresh,Food
Garden Pure,Food
Organic Select,Food
Fresh Choice,Food
Pure Valley,Food
Country Best,Food
Home Grown,Food
Simple Choice,Food
Natural Select,Food
Healthy Pick,Food
Fresh Valley,Food
Pure Garden,Food
Golden Select,Food
Sunshine Pure,Food
Morning Fresh,Food
Daily Choice,Food
Kitchen Best,Food
Home Pure,Food
Table Select,Food
Meal Choice,Food
Cook's Best,Food
Chef Select,Food
Recipe Pure,Food
Flavor Choice,Food
Taste Best,Food
Gourmet Select,Food
Premium Pure,Food
Deluxe Choice,Food
Classic Best,Food
Traditional Pure,Food
Heritage Select,Food
Old Style,Food
Time Tested,Food
Proven Choice,Food
Reliable Best,Food
Trusted Pure,Food
Dependable Select,Food
Sure Choice,Food
Safe Best,Food
Clean Pure,Food
Clear Select,Food
Bright Choice,Food
Brilliant Best,Food
Perfect Pure,Food
Excel Select,Food
Superior Choice,Food
Elite Best,Food
Premier Pure,Food
Select Choice,Food
First Best,Food
Prime Select,Food
Top Choice,Food
Peak Best,Food
Summit Pure,Food
Crown Select,Food
Royal Choice,Food
Noble Best,Food
Grand Pure,Food
Majestic Select,Food
Imperial Choice,Food
Regal Best,Food
Supreme Pure,Food
Ultimate Select,Food
Final Choice,Food
Last Best,Food
End Pure,Food
Complete Select,Food
Total Choice,Food
Full Best,Food
Whole Pure,Food
Entire Select,Food
Global Choice,Food
World Best,Food
Universal Pure,Food
Cosmic Select,Food
Space Choice,Food
Tech Pro,Electronics
Digital Choice,Electronics
Smart Tech,Electronics
Modern Electronics,Electronics
Future Tech,Electronics
Advanced Choice,Electronics
High Tech,Electronics
Ultra Electronics,Electronics
Super Tech,Electronics
Mega Choice,Electronics
Power Electronics,Electronics
Strong Tech,Electronics
Solid Choice,Electronics
Firm Electronics,Electronics
Stable Tech,Electronics
Steady Choice,Electronics
Reliable Electronics,Electronics
Trusty Tech,Electronics
Safe Choice,Electronics
Secure Electronics,Electronics
Protected Tech,Electronics
Guarded Choice,Electronics
Shielded Electronics,Electronics
Armored Tech,Electronics
Fortified Choice,Electronics
Defended Electronics,Electronics
Resistant Tech,Electronics
Tough Choice,Electronics
Hard Electronics,Electronics
Durable Tech,Electronics
Lasting Choice,Electronics
Permanent Electronics,Electronics
Eternal Tech,Electronics
Forever Choice,Electronics
Always Electronics,Electronics
Constant Tech,Electronics
Continuous Choice,Electronics
Endless Electronics,Electronics
Infinite Tech,Electronics
Boundless Choice,Electronics
Limitless Electronics,Electronics
Unlimited Tech,Electronics
Unrestricted Choice,Electronics
Free Electronics,Electronics
Open Tech,Electronics
Clear Choice,Electronics
Transparent Electronics,Electronics
Visible Tech,Electronics
Obvious Choice,Electronics
Plain Electronics,Electronics
Simple Tech,Electronics
Easy Choice,Electronics
Effortless Electronics,Electronics
Smooth Tech,Electronics
Gentle Choice,Electronics
Soft Electronics,Electronics
Mild Tech,Electronics
Light Choice,Electronics
Bright Electronics,Electronics
Shine Tech,Electronics
Glow Choice,Electronics
Radiant Electronics,Electronics
Brilliant Tech,Electronics
Dazzling Choice,Electronics
Sparkling Electronics,Electronics
Glittering Tech,Electronics
Twinkling Choice,Electronics
Flashing Electronics,Electronics
Blinking Tech,Electronics
Pulsing Choice,Electronics
Beating Electronics,Electronics
Throbbing Tech,Electronics
Vibrating Choice,Electronics
Shaking Electronics,Electronics
Moving Tech,Electronics
Dynamic Choice,Electronics
Active Electronics,Electronics
Energetic Tech,Electronics
Lively Choice,Electronics
Animated Electronics,Electronics
Spirited Tech,Electronics
Vigorous Choice,Electronics
Robust Electronics,Electronics
Powerful Tech,Electronics
Strong Choice,Electronics
Mighty Electronics,Electronics
Forceful Tech,Electronics
Intense Choice,Electronics
Extreme Electronics,Electronics
Radical Tech,Electronics
Wild Choice,Electronics
Crazy Electronics,Electronics
Mad Tech,Electronics
Insane Choice,Electronics
Wicked Electronics,Electronics
Evil Tech,Electronics
Dark Choice,Electronics
Shadow Electronics,Electronics
Black Tech,Electronics
Night Choice,Electronics
Midnight Electronics,Electronics
Dawn Tech,Electronics
Morning Choice,Electronics
Day Electronics,Electronics
Noon Tech,Electronics
Afternoon Choice,Electronics
Evening Electronics,Electronics
Sunset Tech,Electronics
Twilight Choice,Electronics
Dusk Electronics,Electronics
Style Pro,Clothing
Fashion Choice,Clothing
Trend Select,Clothing
Mode Best,Clothing
Look Pure,Clothing
Wear Choice,Clothing
Dress Best,Clothing
Outfit Select,Clothing
Attire Pure,Clothing
Garment Choice,Clothing
Apparel Best,Clothing
Clothing Select,Clothing
Thread Pure,Clothing
Fabric Choice,Clothing
Material Best,Clothing
Textile Select,Clothing
Fiber Pure,Clothing
Yarn Choice,Clothing
String Best,Clothing
Cord Select,Clothing
Rope Pure,Clothing
Line Choice,Clothing
Wire Best,Clothing
Cable Select,Clothing
Chain Pure,Clothing
Link Choice,Clothing
Bond Best,Clothing
Tie Select,Clothing
Knot Pure,Clothing
Loop Choice,Clothing
Circle Best,Clothing
Ring Select,Clothing
Band Pure,Clothing
Strip Choice,Clothing
Belt Best,Clothing
Strap Select,Clothing
Ribbon Pure,Clothing
Bow Choice,Clothing
Lace Best,Clothing
Trim Select,Clothing
Edge Pure,Clothing
Border Choice,Clothing
Frame Best,Clothing
Outline Select,Clothing
Shape Pure,Clothing
Form Choice,Clothing
Figure Best,Clothing
Body Select,Clothing
Frame Pure,Clothing
Build Choice,Clothing
Structure Best,Clothing
Design Select,Clothing
Pattern Pure,Clothing
Plan Choice,Clothing
Scheme Best,Clothing
System Select,Clothing
Method Pure,Clothing
Way Choice,Clothing
Path Best,Clothing
Road Select,Clothing
Route Pure,Clothing
Track Choice,Clothing
Trail Best,Clothing
Course Select,Clothing
Direction Pure,Clothing
Guide Choice,Clothing
Lead Best,Clothing
Follow Select,Clothing
Behind Pure,Clothing
Back Choice,Clothing
Rear Best,Clothing
End Select,Clothing
Final Pure,Clothing
Last Choice,Clothing
Ultimate Best,Clothing
Supreme Select,Clothing
Top Pure,Clothing
Peak Choice,Clothing
High Best,Clothing
Upper Select,Clothing
Above Pure,Clothing
Over Choice,Clothing
Beyond Best,Clothing
Past Select,Clothing
Future Pure,Clothing
Next Choice,Clothing
Coming Best,Clothing
Approaching Select,Clothing
Near Pure,Clothing
Close Choice,Clothing
Tight Best,Clothing
Fit Select,Clothing
Perfect Pure,Clothing
Ideal Choice,Clothing
Dream Best,Clothing
Wish Select,Clothing
Hope Pure,Clothing
Faith Choice,Clothing
Trust Best,Clothing
Believe Select,Clothing
Know Pure,Clothing
Think Choice,Clothing
Mind Best,Clothing
Brain Select,Clothing
Smart Pure,Clothing
Clever Choice,Clothing
Wise Best,Clothing
Bright Select,Clothing
Brilliant Pure,Clothing
Genius Choice,Clothing
Brilliant Best,Clothing
Excellent Select,Clothing
Outstanding Pure,Clothing
Amazing Choice,Clothing
Wonderful Best,Clothing
Fantastic Select,Clothing
Incredible Pure,Clothing
Awesome Choice,Clothing
Great Best,Clothing
Good Select,Clothing
Fine Pure,Clothing
Nice Choice,Clothing
Sweet Best,Clothing
Kind Select,Clothing
Gentle Pure,Clothing
Soft Choice,Clothing
Smooth Best,Clothing
Calm Select,Clothing
Peaceful Pure,Clothing
Quiet Choice,Clothing
Silent Best,Clothing
Still Select,Clothing
Rest Pure,Clothing
Relax Choice,Clothing
Easy Best,Clothing
Simple Select,Clothing
Plain Pure,Clothing
Basic Choice,Clothing
Standard Best,Clothing
Normal Select,Clothing
Regular Pure,Clothing
Common Choice,Clothing
Usual Best,Clothing
Typical Select,Clothing
Average Pure,Clothing
Medium Choice,Clothing
Middle Best,Clothing
Center Select,Clothing
Core Pure,Clothing
Heart Choice,Clothing
Soul Best,Clothing
Spirit Select,Clothing
Life Pure,Clothing
Living Choice,Clothing
Active Best,Clothing
Moving Select,Clothing
Running Pure,Clothing
Quick Choice,Clothing
Fast Best,Clothing
Speed Select,Clothing
Rapid Pure,Clothing
Swift Choice,Clothing
Hasty Best,Clothing
Rush Select,Clothing
Hurry Pure,Clothing
Urgent Choice,Clothing
Press Best,Clothing
Push Select,Clothing
Force Pure,Clothing
Power Choice,Clothing
Energy Best,Clothing
Strength Select,Clothing
Muscle Pure,Clothing
Strong Choice,Clothing
Tough Best,Clothing
Hard Select,Clothing
Solid Pure,Clothing
Firm Choice,Clothing
Stable Best,Clothing
Steady Select,Clothing
Fixed Pure,Clothing
Set Choice,Clothing
Placed Best,Clothing
Put Select,Clothing
Located Pure,Clothing
Positioned Choice,Clothing
Situated Best,Clothing
Established Select,Clothing
Founded Pure,Clothing
Created Choice,Clothing
Made Best,Clothing
Built Select,Clothing
Constructed Pure,Clothing
Assembled Choice,Clothing
Joined Best,Clothing
Connected Select,Clothing
Linked Pure,Clothing
Bonded Choice,Clothing
United Best,Clothing
Combined Select,Clothing
Mixed Pure,Clothing
Blended Choice,Clothing
Merged Best,Clothing
Fused Select,Clothing
Welded Pure,Clothing
Sealed Choice,Clothing
Closed Best,Clothing
Shut Select,Clothing
Locked Pure,Clothing
Secured Choice,Clothing
Safe Best,Clothing
Protected Select,Clothing
Guarded Pure,Clothing
Defended Choice,Clothing
Shielded Best,Clothing
Covered Select,Clothing
Hidden Pure,Clothing
Secret Choice,Clothing
Private Best,Clothing
Personal Select,Clothing
Individual Pure,Clothing
Single Choice,Clothing
One Best,Clothing
First Select,Clothing
Primary Pure,Clothing
Main Choice,Clothing
Chief Best,Clothing
Leader Select,Clothing
Boss Pure,Clothing
Master Choice,Clothing
Expert Best,Clothing
Pro Select,Clothing
Professional Pure,Clothing
Skilled Choice,Clothing
Trained Best,Clothing
Educated Select,Clothing
Learned Pure,Clothing
Studied Choice,Clothing
Academic Best,Clothing
Scholarly Select,Clothing
Scientific Pure,Clothing
Research Choice,Clothing
Discovery Best,Clothing
Finding Select,Clothing
Result Pure,Clothing
Outcome Choice,Clothing
Effect Best,Clothing
Impact Select,Clothing
Influence Pure,Clothing
Power Choice,Clothing
Control Best,Clothing
Command Select,Clothing
Order Pure,Clothing
Rule Choice,Clothing
Law Best,Clothing
Legal Select,Clothing
Official Pure,Clothing
Formal Choice,Clothing
Proper Best,Clothing
Correct Select,Clothing
Right Pure,Clothing
True Choice,Clothing
Real Best,Clothing
Genuine Select,Clothing
Authentic Pure,Clothing
Original Choice,Clothing
Natural Best,Clothing
Pure Select,Clothing
Clean Choice,Clothing
Fresh Best,Clothing
New Select,Clothing
Modern Pure,Clothing
Current Choice,Clothing
Present Best,Clothing
Today Select,Clothing
Now Pure,Clothing
Instant Choice,Clothing
Immediate Best,Clothing
Quick Select,Clothing
Rapid Pure,Clothing
Fast Choice,Clothing
Speed Best,Clothing
Swift Select,Clothing
Sharp Pure,Clothing
Keen Choice,Clothing
Acute Best,Clothing
Intense Select,Clothing
Strong Pure,Clothing
Powerful Choice,Clothing
Mighty Best,Clothing
Great Select,Clothing
Grand Pure,Clothing
Magnificent Choice,Clothing
Glorious Best,Clothing
Splendid Select,Clothing
Brilliant Pure,Clothing
Radiant Choice,Clothing
Shining Best,Clothing
Bright Select,Clothing
Light Pure,Clothing
Clear Choice,Clothing
Transparent Best,Clothing
Visible Select,Clothing
Obvious Pure,Clothing
Plain Choice,Clothing
Simple Best,Clothing
Basic Select,Clothing
Essential Pure,Clothing
Vital Choice,Clothing
Important Best,Clothing
Significant Select,Clothing
Major Pure,Clothing
Big Choice,Clothing
Large Best,Clothing
Huge Select,Clothing
Giant Pure,Clothing
Massive Choice,Clothing
Enormous Best,Clothing
Immense Select,Clothing
Vast Pure,Clothing
Wide Choice,Clothing
Broad Best,Clothing
Extensive Select,Clothing
Comprehensive Pure,Clothing
Complete Choice,Clothing
Total Best,Clothing
Full Select,Clothing
Whole Pure,Clothing
